<?xml version="1.0" encoding="UTF-8"?>
<project-private xmlns="http://www.netbeans.org/ns/project-private/1">
    <editor-bookmarks xmlns="http://www.netbeans.org/ns/editor-bookmarks/2" lastBookmarkId="0"/>
    <open-files xmlns="http://www.netbeans.org/ns/projectui-open-files/2">
        <group>
            <file>file:/C:/Users/Freya/Documents/NetBeansProjects/ExaminationSystem-master/ExaminationSystem/src/home_package/UserRegister.java</file>
            <file>file:/C:/Users/Freya/Documents/NetBeansProjects/ExaminationSystem-master/ExaminationSystem/src/home_package/StartTest.java</file>
            <file>file:/C:/Users/Freya/Documents/NetBeansProjects/ExaminationSystem-master/ExaminationSystem/src/home_package/UserHome.java</file>
            <file>file:/C:/Users/Freya/Documents/NetBeansProjects/ExaminationSystem-master/ExaminationSystem/src/home_package/GiveExam.java</file>
            <file>file:/C:/Users/Freya/Documents/NetBeansProjects/ExaminationSystem-master/ExaminationSystem/src/home_package/AdminHome.java</file>
            <file>file:/C:/Users/Freya/Documents/NetBeansProjects/ExaminationSystem-master/ExaminationSystem/src/home_package/home.java</file>
            <file>file:/C:/Users/Freya/Documents/NetBeansProjects/ExaminationSystem-master/ExaminationSystem/src/home_package/EditProfile.java</file>
            <file>file:/C:/Users/Freya/Documents/NetBeansProjects/ExaminationSystem-master/ExaminationSystem/src/home_package/ExamResults.java</file>
        </group>
    </open-files>
</project-private>
